ID,SALESPERSON
0,Kwai Yu
1,Paul Henriot
2,Daniel Da Cunha
3,Julie Young
4,Julie Brown
5,Juri Hirano
6,Martine Rance
7,Veysel Oeztan
8,Julie Murphy
9,Dominique Perrier
10,Peter Ferguson
11,Michael Frick
12,William Brown
13,Julie King
14,Janine Labrune
15,Marta Hernandez
16,Matti Karttunen
17,Jonas Bergulfsen
18,Kyung Yu
19,Kwai Yu
20,Georg Pipps
21,Adrian Huxley
22,Janine Labrune
23,Violeta Benitez
24,Elizabeth Devon
25,Diego Freyre
26,Jonas Bergulfsen
27,Christina Berglund
28,Mart�n Sommer
29,Juri Hirano
30,Eric Natividad
31,Maria Hernandez
32,Tony Calaghan
33,Francisca Cervantes
34,Mary Saveley
35,Yoshi Tannamuri
36,Steve Thompson
37,Kyung Tseng
38,Leslie Murphy
39,Akiko Shimamura
40,Adrian Huxley
41,Paolo Accorti
42,Maria Larsson
43,Daniel Tonini
44,Valarie Nelson
45,Valarie Young
46,Julie Murphy
47,Peter Ferguson
48,Valarie Nelson
49,Allen Nelson
50,Julie Brown
51,Anna O'Hara
52,Jean Fresnisre
53,Diego Freyre
54,Kwai Yu
55,Peter Ferguson
56,Daniel Da Cunha
57,Julie Young
58,Julie Brown
59,Juri Hirano
60,Martine Rance
61,Veysel Oeztan
62,Julie Murphy
63,Mory Kentary
64,Peter Ferguson
65,Rosa Hernandez
66,William Brown
67,Julie King
68,Janine Labrune
69,Marta Hernandez
70,Carine Schmitt
71,Steve Frick
72,Kyung Yu
73,Kwai Yu
74,Akiko Shimamura
75,Adrian Huxley
76,Tony Calaghan
77,Violeta Benitez
78,Dominique Perrier
79,Diego Freyre
80,Kwai Yu
81,Peter Ferguson
82,Daniel Da Cunha
83,Julie Young
84,Julie Brown
85,Juri Hirano
86,Martine Rance
87,Veysel Oeztan
88,Julie Murphy
89,Mory Kentary
90,Peter Ferguson
91,Michael Frick
92,William Brown
93,Julie King
94,Janine Labrune
95,Marta Hernandez
96,Matti Karttunen
97,Steve Frick
98,Kyung Yu
99,Kwai Yu
100,Akiko Shimamura
101,Juri Hirano
102,Tony Calaghan
103,Violeta Benitez
104,Elizabeth Devon
105,Diego Freyre
106,Jytte Petersen
107,Georg Pipps
108,Ann Brown
109,Wing C Tam
110,Matti Karttunen
111,Maria Larsson
112,Annette Roulet
113,Thomas Hardy
114,Eduardo Saavedra
115,Michael Chandler
116,Valarie Thompson
117,Kwai Yu
118,Jean Fresnisre
119,Catherine Dewey
120,Elizabeth Lincoln
121,Juri Yoshido
122,Francisca Cervantes
123,Helen Bennett
124,Jonas Bergulfsen
125,Maria Hernandez
126,Diego Freyre
127,Paul Henriot
128,Pirkko Koskitalo
129,Julie Brown
130,Daniel Da Cunha
131,Sue Frick
132,Juri Yoshido
133,Jonas Bergulfsen
134,Marie Bertrand
135,Mart�n Sommer
136,Juri Hirano
137,Eric Natividad
138,Roland Mendel
139,Ann Brown
140,Francisca Cervantes
141,Mary Saveley
142,Valarie Franco
143,Wendy Victorino
144,Valarie Nelson
145,Leslie Murphy
146,Wendy Victorino
147,Adrian Huxley
148,Kyung Yu
149,Maria Larsson
150,Marta Hernandez
151,Yoshi Tannamuri
152,Valarie Young
153,Christina Berglund
154,Peter Ferguson
155,Valarie Nelson
156,Anna O'Hara
157,Julie Brown
158,Anna O'Hara
159,Jean Fresnisre
160,Janine Labrune
161,Arnold Cruz
162,Laurence Lebihan
163,Valarie Nelson
164,Allen Nelson
165,Julie Brown
166,Anna O'Hara
167,Veysel Oeztan
168,Henriette Pfalzheim
169,Diego Freyre
170,Dominique Perrier
171,Michael Holz
172,Jytte Petersen
173,Elizabeth Devon
174,Maurizio Moroni
175,Miguel Barajas
176,Michael Holz
177,Roland Keitel
178,Henriette Pfalzheim
179,Christina Berglund
180,Kwai Yu
181,Georg Pipps
182,Kalle Suominen
183,Janine Labrune
184,Maria Larsson
185,Georg Pipps
186,Jytte Petersen
187,Eric Natividad
188,Jeff Young
189,Valarie Nelson
190,Diego Freyre
191,Eric Natividad
192,Maurizio Moroni
193,Wing C Tam
194,Leslie Murphy
195,Mary Saveley
196,Dean Cassidy
197,Jesus Fernandez
198,Kalle Suominen
199,Kyung Yu
200,Valarie Nelson
201,Paolo Accorti
202,Victoria Ashworth
203,Palle Ibsen
204,Jonas Bergulfsen
205,Marie Bertrand
206,Mart�n Sommer
207,Paul Henriot
208,Valarie Nelson
209,Valarie Nelson
210,Daniel Da Cunha
211,Julie King
212,Jonas Bergulfsen
213,Valarie Nelson
214,Mart�n Sommer
215,Juri Hirano
216,Eric Natividad
217,Roland Mendel
218,Tony Calaghan
219,Francisca Cervantes
220,Mary Saveley
221,Yoshi Tannamuri
222,Daniel Tonini
223,Valarie Nelson
224,Leslie Murphy
225,Akiko Shimamura
226,Adrian Huxley
227,Kyung Yu
228,Maria Larsson
229,Daniel Tonini
230,Yoshi Tannamuri
231,Valarie Young
232,Julie Murphy
233,Peter Ferguson
234,Valarie Nelson
235,Anna O'Hara
236,Julie Brown
237,Anna O'Hara
238,Jean Fresnisre
239,Diego Freyre
240,Kwai Yu
241,Paul Henriot
242,Daniel Da Cunha
243,Julie Young
244,Julie Brown
245,Anna O'Hara
246,Martine Rance
247,Julie Young
248,Julie Murphy
249,Dominique Perrier
250,Martine Rance
251,Michael Frick
252,William Brown
253,Julie King
254,Miguel Barajas
255,Marta Hernandez
256,Matti Karttunen
257,Jonas Bergulfsen
258,Kee Kuo
259,Kwai Yu
260,Georg Pipps
261,Juri Hirano
262,Janine Labrune
263,Violeta Benitez
264,Elizabeth Devon
265,Diego Freyre
266,Diego Freyre
267,Eric Natividad
268,Jeff Young
269,Valarie Nelson
270,Diego Freyre
271,Eric Natividad
272,Maurizio Moroni
273,Wing C Tam
274,Leslie Murphy
275,Mary Saveley
276,Dean Cassidy
277,Roland Keitel
278,Kalle Suominen
279,Kyung Yu
280,Valarie Nelson
281,Paolo Accorti
282,Victoria Ashworth
283,Palle Ibsen
284,Michael Frick
285,Marie Bertrand
286,Mart�n Sommer
287,Diego Freyre
288,Akiko Shimamura
289,Valarie Nelson
290,Julie King
291,Arnold Cruz
292,Laurence Lebihan
293,Valarie Nelson
294,Allen Nelson
295,Michael Chandler
296,Roland Mendel
297,Veysel Oeztan
298,Henriette Pfalzheim
299,Diego Freyre
300,Diego Freyre
301,Michael Holz
302,Jytte Petersen
303,Elizabeth Devon
304,Maurizio Moroni
305,Miguel Barajas
306,Michael Holz
307,Roland Keitel
308,Henriette Pfalzheim
309,Christina Berglund
310,Kwai Yu
311,Georg Pipps
312,Kalle Suominen
313,Leslie Young
314,Maria Larsson
315,Georg Pipps
316,Jytte Petersen
317,Eric Natividad
318,Jeff Young
319,Valarie Nelson
320,Diego Freyre
321,Eric Natividad
322,Maurizio Moroni
323,Wing C Tam
324,Leslie Murphy
325,Mary Saveley
326,Dean Cassidy
327,Jesus Fernandez
328,Kalle Suominen
329,Kyung Yu
330,Valarie Nelson
331,Paolo Accorti
332,Victoria Ashworth
333,Palle Ibsen
334,Jonas Bergulfsen
335,Marie Bertrand
336,Jeff Young
337,Paul Henriot
338,Akiko Shimamura
339,Valarie Nelson
340,Valarie Nelson
341,Julie King
342,Arnold Cruz
343,Laurence Lebihan
344,Valarie Nelson
345,Allen Nelson
346,Julie Brown
347,Anna O'Hara
348,Veysel Oeztan
349,Henriette Pfalzheim
350,Diego Freyre
351,Dominique Perrier
352,Michael Holz
353,Jytte Petersen
354,Elizabeth Devon
355,Maurizio Moroni
356,Miguel Barajas
357,Michael Holz
358,Roland Keitel
359,Henriette Pfalzheim
360,Christina Berglund
361,Kwai Yu
362,Georg Pipps
363,Kalle Suominen
364,Matti Karttunen
365,Maria Larsson
366,Georg Pipps
367,Diego Freyre
368,Maria Hernandez
369,Jeff Young
370,Kalle Suominen
371,Pirkko Koskitalo
372,Eric Natividad
373,Ann Brown
374,Jose Pedro Roel
375,Steve Frick
376,Valarie Franco
377,Sue Taylor
378,Valarie Nelson
379,Diego Freyre
380,Wendy Victorino
381,Valarie Nelson
382,Kyung Yu
383,Kwai Yu
384,Marta Hernandez
385,Palle Ibsen
386,Michael Frick
387,Marie Bertrand
388,Jeff Young
389,Diego Freyre
390,Valarie Nelson
391,Valarie Nelson
392,Diego Freyre
393,Janine Labrune
394,Arnold Cruz
395,Laurence Lebihan
396,Valarie Nelson
397,Allen Nelson
398,Michael Chandler
399,Roland Mendel
400,Veysel Oeztan
401,Valarie Young
402,Diego Freyre
403,Diego Freyre
404,Michael Holz
405,Pirkko Koskitalo
406,Elizabeth Devon
407,Maurizio Moroni
408,Eric Natividad
409,Michael Holz
410,Roland Keitel
411,Henriette Pfalzheim
412,Violeta Benitez
413,Kwai Yu
414,Georg Pipps
415,Kalle Suominen
416,Matti Karttunen
417,Maria Larsson
418,Frederique Citeaux
419,Georg Pipps
420,Jonas Bergulfsen
421,Valarie Nelson
422,Mart�n Sommer
423,Juri Hirano
424,Eric Natividad
425,Roland Mendel
426,Tony Calaghan
427,Francisca Cervantes
428,Mary Saveley
429,Yoshi Tannamuri
430,Steve Thompson
431,Kyung Tseng
432,Leslie Murphy
433,Akiko Shimamura
434,Adrian Huxley
435,Paolo Accorti
436,Maria Larsson
437,Daniel Tonini
438,Valarie Nelson
439,Valarie Young
440,Julie Murphy
441,Peter Ferguson
442,Valarie Nelson
443,Anna O'Hara
444,Julie Brown
445,Anna O'Hara
446,Jean Fresnisre
447,Diego Freyre
448,Rosa Hernandez
449,Laurence Lebihan
450,Annette Roulet
451,Anna O'Hara
452,Palle Ibsen
453,Jean Fresnisre
454,Veysel Oeztan
455,Valarie Young
456,Jeff Young
457,Diego Freyre
458,Michael Holz
459,Mory Kentary
460,Elizabeth Devon
461,Maurizio Moroni
462,Sue King
463,Michael Holz
464,Jan Klaeboe
465,Henriette Pfalzheim
466,Violeta Benitez
467,Rosa Hernandez
468,Peter Ferguson
469,Daniel Da Cunha
470,Wing C Tam
471,Matti Karttunen
472,Valarie Nelson
473,Jytte Petersen
474,Georg Pipps
475,Michael Frick
476,Julie Murphy
477,Peter Ferguson
478,Adrian Huxley
479,Sue Taylor
480,Julie Brown
481,Giovanni Rovelli
482,Valarie Nelson
483,Sean Connery
484,Diego Freyre
485,Steve Thompson
486,Mary Saveley
487,Diego Freyre
488,Jytte Petersen
489,Paolo Accorti
490,Veysel Oeztan
491,Daniel Tonini
492,Valarie Nelson
493,Valarie Young
494,Victoria Ashworth
495,Sue King
496,Daniel Da Cunha
497,Allen Nelson
498,Diego Freyre
499,Anna O'Hara
500,Kyung Yu
501,Michael Frick
502,Julie Murphy
503,Mart�n Sommer
504,Adrian Huxley
505,Sue Taylor
506,Julie Brown
507,Giovanni Rovelli
508,Valarie Nelson
509,Sean Connery
510,Diego Freyre
511,Steve Thompson
512,Mary Saveley
513,Diego Freyre
514,Jytte Petersen
515,Paolo Accorti
516,Veysel Oeztan
517,Daniel Tonini
518,Valarie Nelson
519,Valarie Young
520,Victoria Ashworth
521,Peter Ferguson
522,Daniel Da Cunha
523,Allen Nelson
524,Julie Brown
525,Anna O'Hara
526,Kyung Yu
527,Victoria Ashworth
528,Carine Schmitt
529,Paul Henriot
530,Anna O'Hara
531,Palle Ibsen
532,Julie King
533,Veysel Oeztan
534,Valarie Young
535,Jeff Young
536,Diego Freyre
537,Valarie Thompson
538,Frederique Citeaux
539,Elizabeth Devon
540,Maurizio Moroni
541,Sue King
542,Wendy Victorino
543,Jan Klaeboe
544,Diego Freyre
545,Violeta Benitez
546,Rosa Hernandez
547,Paul Henriot
548,Julie Young
549,Diego Freyre
550,Sue Frick
551,Georg Pipps
552,Giovanni Rovelli
553,Georg Pipps
554,Dan Lewis
555,Wing C Tam
556,Matti Karttunen
557,Maria Larsson
558,Annette Roulet
559,Thomas Hardy
560,Arnold Cruz
561,Mory Kentary
562,Valarie Thompson
563,Sue Frick
564,Diego Freyre
565,Allen Nelson
566,Jan Klaeboe
567,Michael Donnermeyer
568,Francisca Cervantes
569,Helen Bennett
570,Jytte Petersen
571,Pascale Cartrain
572,Ann Brown
573,Pirkko Koskitalo
574,Diego Freyre
575,Paul Henriot
576,Sue Frick
577,Maurizio Moroni
578,Valarie Young
579,Victoria Ashworth
580,Sue King
581,Sue Taylor
582,Julie Brown
583,Giovanni Rovelli
584,Valarie Nelson
585,Sean Connery
586,Jeff Young
587,Mart�n Sommer
588,Mary Saveley
589,Frederique Citeaux
590,Paolo Accorti
591,Wendy Victorino
592,Elizabeth Devon
593,Valarie Nelson
594,Rosa Hernandez
595,Laurence Lebihan
596,Julie Young
597,Diego Freyre
598,Sue Frick
599,Adrian Huxley
600,Arnold Cruz
601,Laurence Lebihan
602,Valarie Nelson
603,Allen Nelson
604,Michael Chandler
605,Roland Mendel
606,Veysel Oeztan
607,Valarie Young
608,Diego Freyre
609,Diego Freyre
610,Michael Holz
611,Pirkko Koskitalo
612,Elizabeth Devon
613,Maurizio Moroni
614,Sue King
615,Michael Holz
616,Roland Keitel
617,Henriette Pfalzheim
618,Violeta Benitez
619,Kwai Yu
620,Peter Ferguson
621,Kalle Suominen
622,Matti Karttunen
623,Maria Larsson
624,Frederique Citeaux
625,Georg Pipps
626,Rosa Hernandez
627,Laurence Lebihan
628,Annette Roulet
629,Anna O'Hara
630,Palle Ibsen
631,Jean Fresnisre
632,Veysel Oeztan
633,Valarie Young
634,Jeff Young
635,Diego Freyre
636,Valarie Thompson
637,Mory Kentary
638,Elizabeth Devon
639,Maurizio Moroni
640,Sue King
641,Michael Holz
642,Jan Klaeboe
643,Henriette Pfalzheim
644,Violeta Benitez
645,Rosa Hernandez
646,Peter Ferguson
647,Daniel Da Cunha
648,Pascale Cartrain
649,Matti Karttunen
650,Valarie Nelson
651,Jytte Petersen
652,Georg Pipps
653,Diego Freyre
654,Maria Hernandez
655,Jeff Young
656,Kalle Suominen
657,Pirkko Koskitalo
658,Eric Natividad
659,Maurizio Moroni
660,Jose Pedro Roel
661,Steve Frick
662,Valarie Franco
663,Sue Taylor
664,Roland Keitel
665,Diego Freyre
666,Wendy Victorino
667,Valarie Nelson
668,Valarie Nelson
669,Kwai Yu
670,Marta Hernandez
671,Palle Ibsen
672,Michael Frick
673,Marie Bertrand
674,Jeff Young
675,Diego Freyre
676,Valarie Nelson
677,Valarie Nelson
678,Diego Freyre
679,Janine Labrune
680,Valarie Young
681,Victoria Ashworth
682,Sue King
683,Sue Taylor
684,Julie Brown
685,Giovanni Rovelli
686,Valarie Nelson
687,Sean Connery
688,Jeff Young
689,Mart�n Sommer
690,Mary Saveley
691,Frederique Citeaux
692,Paolo Accorti
693,Wendy Victorino
694,Jose Pedro Roel
695,Valarie Nelson
696,Victoria Ashworth
697,Laurence Lebihan
698,Julie Young
699,Diego Freyre
700,Sue Frick
701,Adrian Huxley
702,Diego Freyre
703,Marie Bertrand
704,Jeff Young
705,Kalle Suominen
706,Pirkko Koskitalo
707,Eric Natividad
708,Ann Brown
709,Jose Pedro Roel
710,Steve Frick
711,Valarie Franco
712,Valarie Nelson
713,Diego Freyre
714,Wendy Victorino
715,Valarie Nelson
716,Kyung Yu
717,Kwai Yu
718,Marta Hernandez
719,Yoshi Tannamuri
720,Michael Frick
721,Christina Berglund
722,Jeff Young
723,Diego Freyre
724,Anna O'Hara
725,Diego Freyre
726,Diego Freyre
727,Janine Labrune
728,Roland Keitel
729,Victoria Ashworth
730,Sue King
731,Sue Taylor
732,Julie Brown
733,Giovanni Rovelli
734,Valarie Nelson
735,Sean Connery
736,Jeff Young
737,Mart�n Sommer
738,Mary Saveley
739,Valarie Franco
740,Paolo Accorti
741,Wendy Victorino
742,Daniel Tonini
743,Valarie Nelson
744,Valarie Young
745,Victoria Ashworth
746,Laurence Lebihan
747,Daniel Da Cunha
748,Julie Young
749,Diego Freyre
750,Valarie Nelson
751,Wendy Victorino
752,Adrian Huxley
753,Jonas Bergulfsen
754,Marie Bertrand
755,Mart�n Sommer
756,Juri Hirano
757,Pirkko Koskitalo
758,Eric Natividad
759,Ann Brown
760,Jose Pedro Roel
761,Mary Saveley
762,Valarie Franco
763,Wendy Victorino
764,Valarie Nelson
765,Diego Freyre
766,Wendy Victorino
767,Valarie Nelson
768,Kyung Yu
769,Maria Larsson
770,Marta Hernandez
771,Yoshi Tannamuri
772,Valarie Young
773,Christina Berglund
774,Peter Ferguson
775,Valarie Nelson
776,Anna O'Hara
777,Julie Brown
778,Anna O'Hara
779,Diego Freyre
780,Janine Labrune
781,Giovanni Rovelli
782,Peter Ferguson
783,Diego Freyre
784,Julie Young
785,Juri Hirano
786,Mory Kentary
787,Peter Ferguson
788,Elizabeth Lincoln
789,Sue Frick
790,Julie King
791,Janine Labrune
792,Jan Klaeboe
793,Dean Cassidy
794,Steve Frick
795,Kyung Yu
796,Jytte Petersen
797,Akiko Shimamura
798,Dan Lewis
799,Tony Calaghan
800,Diego Freyre
801,Paul Henriot
802,William Brown
803,Maurizio Moroni
804,Kwai Yu
805,Peter Ferguson
806,Daniel Da Cunha
807,Julie Young
808,Julie Brown
809,Juri Hirano
810,Martine Rance
811,Veysel Oeztan
812,Julie Murphy
813,Mory Kentary
814,Peter Ferguson
815,Rosa Hernandez
816,William Brown
817,Julie King
818,Janine Labrune
819,Marta Hernandez
820,Carine Schmitt
821,Steve Frick
822,Kyung Yu
823,Kwai Yu
824,Akiko Shimamura
825,Juri Hirano
826,Tony Calaghan
827,Maria Larsson
828,Dominique Perrier
829,Diego Freyre
830,Roland Keitel
831,Victoria Ashworth
832,Peter Ferguson
833,Adrian Huxley
834,Sue Taylor
835,Julie Brown
836,Giovanni Rovelli
837,Valarie Nelson
838,Sean Connery
839,Diego Freyre
840,Mart�n Sommer
841,Mary Saveley
842,Diego Freyre
843,Frederique Citeaux
844,Paolo Accorti
845,Veysel Oeztan
846,Daniel Tonini
847,Valarie Nelson
848,Valarie Young
849,Victoria Ashworth
850,Peter Ferguson
851,Daniel Da Cunha
852,Julie Young
853,Diego Freyre
854,Valarie Nelson
855,Valarie Nelson
856,Rosa Hernandez
857,Carine Schmitt
858,Paul Henriot
859,Anna O'Hara
860,Palle Ibsen
861,Julie King
862,Veysel Oeztan
863,Valarie Young
864,Jeff Young
865,Diego Freyre
866,Valarie Thompson
867,Frederique Citeaux
868,Elizabeth Devon
869,Maurizio Moroni
870,Sue King
871,Michael Holz
872,Jan Klaeboe
873,Diego Freyre
874,Violeta Benitez
875,Rosa Hernandez
876,Paul Henriot
877,Pascale Cartrain
878,Diego Freyre
879,Sue Frick
880,Georg Pipps
881,Jonas Bergulfsen
882,Christina Berglund
883,Mart�n Sommer
884,Adrian Huxley
885,Eric Natividad
886,Maria Hernandez
887,Tony Calaghan
888,Francisca Cervantes
889,Sean Connery
890,Yoshi Tannamuri
891,Steve Thompson
892,Kyung Tseng
893,Diego Freyre
894,Sue Frick
895,Adrian Huxley
896,Paolo Accorti
897,Maria Larsson
898,Daniel Tonini
899,Valarie Nelson
900,Valarie Young
901,Julie Murphy
902,Peter Ferguson
903,Valarie Nelson
904,Allen Nelson
905,Julie Brown
906,Anna O'Hara
907,Catherine Dewey
908,Jonas Bergulfsen
909,Julie Murphy
910,Mart�n Sommer
911,Adrian Huxley
912,Eric Natividad
913,Maria Hernandez
914,Giovanni Rovelli
915,Francisca Cervantes
916,Sean Connery
917,Yoshi Tannamuri
918,Steve Thompson
919,Kyung Tseng
920,Diego Freyre
921,Sue Frick
922,Georg Pipps
923,Paolo Accorti
924,Maria Larsson
925,Daniel Tonini
926,Valarie Nelson
927,Valarie Young
928,Victoria Ashworth
929,Peter Ferguson
930,Valarie Nelson
931,Allen Nelson
932,Julie Brown
933,Roland Mendel
934,Catherine Dewey
935,Giovanni Rovelli
936,Georg Pipps
937,Leslie Taylor
938,Wing C Tam
939,Matti Karttunen
940,Maria Larsson
941,Annette Roulet
942,Thomas Hardy
943,Eduardo Saavedra
944,Michael Chandler
945,Valarie Thompson
946,Kwai Yu
947,Diego Freyre
948,Catherine Dewey
949,Elizabeth Lincoln
950,Michael Donnermeyer
951,Francisca Cervantes
952,Helen Bennett
953,Jytte Petersen
954,Pascale Cartrain
955,Diego Freyre
956,Pirkko Koskitalo
957,Diego Freyre
958,Paul Henriot
959,Sue Frick
960,Juri Yoshido
961,Jonas Bergulfsen
962,Julie Murphy
963,Mart�n Sommer
964,Adrian Huxley
965,Eric Natividad
966,Maria Hernandez
967,Giovanni Rovelli
968,Francisca Cervantes
969,Sean Connery
970,Yoshi Tannamuri
971,Steve Thompson
972,Kyung Tseng
973,Diego Freyre
974,Sue Frick
975,Adrian Huxley
976,Paolo Accorti
977,Maria Larsson
978,Daniel Tonini
979,Valarie Nelson
980,Valarie Young
981,Victoria Ashworth
982,Peter Ferguson
983,Valarie Nelson
984,Allen Nelson
985,Julie Brown
986,Roland Mendel
987,Catherine Dewey
988,Jytte Petersen
989,Eric Natividad
990,Diego Freyre
991,Valarie Nelson
992,Diego Freyre
993,Violeta Benitez
994,Jesus Fernandez
995,Wing C Tam
996,Leslie Murphy
997,Mary Saveley
998,Catherine Dewey
999,Helen Bennett
1000,Kwai Yu
1001,Catherine Dewey
1002,Valarie Nelson
1003,Paolo Accorti
1004,Victoria Ashworth
1005,Palle Ibsen
1006,Jonas Bergulfsen
1007,Marie Bertrand
1008,Diego Freyre
1009,Akiko Shimamura
1010,Diego Freyre
1011,Valarie Nelson
1012,Juri Yoshido
1013,Diego Freyre
1014,Rosa Hernandez
1015,Marie Bertrand
1016,Laurence Lebihan
1017,Jeff Young
1018,Annette Roulet
1019,Kalle Suominen
1020,Anna O'Hara
1021,Pirkko Koskitalo
1022,Michael Chandler
1023,Eric Natividad
1024,Jean Fresnisre
1025,Ann Brown
1026,Veysel Oeztan
1027,Jose Pedro Roel
1028,Valarie Young
1029,Steve Frick
1030,Diego Freyre
1031,Valarie Franco
1032,Diego Freyre
1033,Michael Holz
1034,Valarie Nelson
1035,Pirkko Koskitalo
1036,Diego Freyre
1037,Elizabeth Devon
1038,Wendy Victorino
1039,Maurizio Moroni
1040,Valarie Nelson
1041,Sue King
1042,Kyung Yu
1043,Michael Holz
1044,Kwai Yu
1045,Jan Klaeboe
1046,Marta Hernandez
1047,Henriette Pfalzheim
1048,Yoshi Tannamuri
1049,Violeta Benitez
1050,Michael Frick
1051,Rosa Hernandez
1052,Christina Berglund
1053,Peter Ferguson
1054,Jeff Young
1055,Diego Freyre
1056,Pascale Cartrain
1057,Anna O'Hara
1058,Matti Karttunen
1059,Diego Freyre
1060,Diego Freyre
1061,Frederique Citeaux
1062,Diego Freyre
1063,Georg Pipps
1064,Janine Labrune
1065,Jytte Petersen
1066,Eric Natividad
1067,Diego Freyre
1068,Valarie Nelson
1069,Diego Freyre
1070,Eric Natividad
1071,Jesus Fernandez
1072,Wing C Tam
1073,Leslie Murphy
1074,Mary Saveley
1075,Catherine Dewey
1076,Helen Bennett
1077,Kwai Yu
1078,Catherine Dewey
1079,Valarie Nelson
1080,Paolo Accorti
1081,Victoria Ashworth
1082,Palle Ibsen
1083,Christina Berglund
1084,Marie Bertrand
1085,Diego Freyre
1086,Akiko Shimamura
1087,Diego Freyre
1088,Valarie Nelson
1089,Juri Yoshido
1090,Arnold Cruz
1091,Laurence Lebihan
1092,Valarie Nelson
1093,Allen Nelson
1094,Julie Brown
1095,Anna O'Hara
1096,Veysel Oeztan
1097,Henriette Pfalzheim
1098,Diego Freyre
1099,Dominique Perrier
1100,Michael Holz
1101,Jytte Petersen
1102,Dominique Perrier
1103,Sean Connery
1104,Miguel Barajas
1105,Michael Holz
1106,Roland Keitel
1107,Henriette Pfalzheim
1108,Kee Kuo
1109,Kwai Yu
1110,Peter Ferguson
1111,Kalle Suominen
1112,Diego Freyre
1113,Valarie Nelson
1114,Jonas Bergulfsen
1115,Julie Murphy
1116,Mart�n Sommer
1117,Adrian Huxley
1118,Sue Taylor
1119,Maria Hernandez
1120,Giovanni Rovelli
1121,Valarie Nelson
1122,Sean Connery
1123,Yoshi Tannamuri
1124,Steve Thompson
1125,Mary Saveley
1126,Diego Freyre
1127,Sue Frick
1128,Paolo Accorti
1129,Leslie Taylor
1130,Daniel Tonini
1131,Valarie Nelson
1132,Roland Keitel
1133,Julie Murphy
1134,Peter Ferguson
1135,Valarie Nelson
1136,Allen Nelson
1137,Valarie Nelson
1138,Roland Mendel
1139,Catherine Dewey
1140,Arnold Cruz
1141,Laurence Lebihan
1142,Valarie Nelson
1143,Allen Nelson
1144,Julie Brown
1145,Anna O'Hara
1146,Veysel Oeztan
1147,Henriette Pfalzheim
1148,Diego Freyre
1149,Dominique Perrier
1150,Michael Holz
1151,Jytte Petersen
1152,Dominique Perrier
1153,Sean Connery
1154,Miguel Barajas
1155,Michael Holz
1156,Roland Keitel
1157,Henriette Pfalzheim
1158,Christina Berglund
1159,Arnold Cruz
1160,Peter Ferguson
1161,Diego Freyre
1162,Kalle Suominen
1163,Diego Freyre
1164,Valarie Nelson
1165,Rosa Hernandez
1166,Carine Schmitt
1167,Paul Henriot
1168,Anna O'Hara
1169,Palle Ibsen
1170,Julie King
1171,Veysel Oeztan
1172,Valarie Young
1173,Jeff Young
1174,Diego Freyre
1175,Valarie Thompson
1176,Mory Kentary
1177,Elizabeth Devon
1178,Maurizio Moroni
1179,Sue King
1180,Michael Holz
1181,Jan Klaeboe
1182,Diego Freyre
1183,Violeta Benitez
1184,Rosa Hernandez
1185,Paul Henriot
1186,Julie Young
1187,Diego Freyre
1188,Jytte Petersen
1189,Georg Pipps
1190,Arnold Cruz
1191,Laurence Lebihan
1192,Valarie Nelson
1193,Dan Lewis
1194,Julie Brown
1195,Anna O'Hara
1196,Martine Rance
1197,Henriette Pfalzheim
1198,Dominique Perrier
1199,Martine Rance
1200,Michael Frick
1201,Dominique Perrier
1202,Juri Yoshido
1203,Miguel Barajas
1204,Marie Bertrand
1205,Matti Karttunen
1206,Henriette Pfalzheim
1207,Kee Kuo
1208,Arnold Cruz
1209,Peter Ferguson
1210,Diego Freyre
1211,Kalle Suominen
1212,Diego Freyre
1213,Valarie Nelson
1214,Elizabeth Devon
1215,Giovanni Rovelli
1216,Georg Pipps
1217,Leslie Taylor
1218,Wing C Tam
1219,Matti Karttunen
1220,Maria Larsson
1221,Annette Roulet
1222,Thomas Hardy
1223,Eduardo Saavedra
1224,Michael Chandler
1225,Valarie Thompson
1226,Kyung Tseng
1227,Diego Freyre
1228,Catherine Dewey
1229,Elizabeth Lincoln
1230,Michael Donnermeyer
1231,Francisca Cervantes
1232,Helen Bennett
1233,Giovanni Rovelli
1234,Pascale Cartrain
1235,Ann Brown
1236,Pirkko Koskitalo
1237,Diego Freyre
1238,Paul Henriot
1239,Sue Frick
1240,Sean Connery
1241,Diego Freyre
1242,Eric Natividad
1243,Jeff Young
1244,Valarie Nelson
1245,Tony Calaghan
1246,Eric Natividad
1247,Maurizio Moroni
1248,Wing C Tam
1249,Leslie Murphy
1250,Valarie Franco
1251,Dean Cassidy
1252,Roland Keitel
1253,Kalle Suominen
1254,Kyung Yu
1255,Valarie Nelson
1256,Kwai Yu
1257,Victoria Ashworth
1258,Palle Ibsen
1259,Michael Frick
1260,Maria Hernandez
1261,Jeff Young
1262,Diego Freyre
1263,Akiko Shimamura
1264,Diego Freyre
1265,Diego Freyre
1266,Julie King
1267,Valarie Young
1268,Victoria Ashworth
1269,Sue King
1270,Anna O'Hara
1271,Julie Brown
1272,Giovanni Rovelli
1273,Valarie Nelson
1274,Sean Connery
1275,Jeff Young
1276,Thomas Hardy
1277,Mary Saveley
1278,Frederique Citeaux
1279,Paolo Accorti
1280,Wendy Victorino
1281,Elizabeth Devon
1282,Diego Freyre
1283,Victoria Ashworth
1284,Laurence Lebihan
1285,Julie Young
1286,Diego Freyre
1287,Sue Frick
1288,Adrian Huxley
1289,Jytte Petersen
1290,Eric Natividad
1291,Diego Freyre
1292,Valarie Nelson
1293,Diego Freyre
1294,Violeta Benitez
1295,Jesus Fernandez
1296,Wing C Tam
1297,Eduardo Saavedra
1298,Mary Saveley
1299,Catherine Dewey
1300,Helen Bennett
1301,Kwai Yu
1302,Jean Fresnisre
1303,Catherine Dewey
1304,Elizabeth Lincoln
1305,Paolo Accorti
1306,Victoria Ashworth
1307,Janine Labrune
1308,Christina Berglund
1309,Maria Hernandez
1310,Diego Freyre
1311,Akiko Shimamura
1312,Diego Freyre
1313,Valarie Nelson
1314,Juri Yoshido
1315,Jonas Bergulfsen
1316,Marie Bertrand
1317,Mart�n Sommer
1318,Juri Hirano
1319,Eric Natividad
1320,Roland Mendel
1321,Ann Brown
1322,Francisca Cervantes
1323,Mary Saveley
1324,Valarie Franco
1325,Wendy Victorino
1326,Valarie Nelson
1327,Leslie Murphy
1328,Wendy Victorino
1329,Adrian Huxley
1330,Kyung Yu
1331,Maria Larsson
1332,Marta Hernandez
1333,Yoshi Tannamuri
1334,Roland Keitel
1335,Christina Berglund
1336,Peter Ferguson
1337,Valarie Nelson
1338,Anna O'Hara
1339,Valarie Nelson
1340,Jean Fresnisre
1341,Janine Labrune
1342,Jonas Bergulfsen
1343,Valarie Nelson
1344,Mart�n Sommer
1345,Juri Hirano
1346,Eric Natividad
1347,Roland Mendel
1348,Tony Calaghan
1349,Francisca Cervantes
1350,Mary Saveley
1351,Yoshi Tannamuri
1352,Steve Thompson
1353,Valarie Nelson
1354,Leslie Murphy
1355,Akiko Shimamura
1356,Adrian Huxley
1357,Kyung Yu
1358,Maria Larsson
1359,Daniel Tonini
1360,Valarie Nelson
1361,Michael Frick
1362,Julie Murphy
1363,Mart�n Sommer
1364,Diego Freyre
1365,Anna O'Hara
1366,Valarie Nelson
1367,Jean Fresnisre
1368,Diego Freyre
1369,Arnold Cruz
1370,Laurence Lebihan
1371,Valarie Nelson
1372,Dan Lewis
1373,Julie Brown
1374,Anna O'Hara
1375,Martine Rance
1376,Henriette Pfalzheim
1377,Dominique Perrier
1378,Michael Holz
1379,Jytte Petersen
1380,Dominique Perrier
1381,Juri Yoshido
1382,Miguel Barajas
1383,Michael Holz
1384,Matti Karttunen
1385,Henriette Pfalzheim
1386,Kee Kuo
1387,Arnold Cruz
1388,Peter Ferguson
1389,Diego Freyre
1390,Kalle Suominen
1391,Diego Freyre
1392,Valarie Nelson
1393,Victoria Ashworth
1394,Sue King
1395,Anna O'Hara
1396,Palle Ibsen
1397,Giovanni Rovelli
1398,Valarie Nelson
1399,Sean Connery
1400,Jeff Young
1401,Thomas Hardy
1402,Mary Saveley
1403,Frederique Citeaux
1404,Jeff Young
1405,Diego Freyre
1406,Wendy Victorino
1407,Elizabeth Devon
1408,Diego Freyre
1409,Victoria Ashworth
1410,Laurence Lebihan
1411,Julie Young
1412,Diego Freyre
1413,Sue Frick
1414,Adrian Huxley
1415,Victoria Ashworth
1416,Sue King
1417,Anna O'Hara
1418,Palle Ibsen
1419,Julie King
1420,Valarie Nelson
1421,Valarie Young
1422,Jeff Young
1423,Diego Freyre
1424,Valarie Thompson
1425,Frederique Citeaux
1426,Jeff Young
1427,Diego Freyre
1428,Wendy Victorino
1429,Jan Klaeboe
1430,Diego Freyre
1431,Violeta Benitez
1432,Victoria Ashworth
1433,Laurence Lebihan
1434,Julie Young
1435,Diego Freyre
1436,Sue Frick
1437,Adrian Huxley
1438,Diego Freyre
1439,Maria Hernandez
1440,Jeff Young
1441,Kalle Suominen
1442,Tony Calaghan
1443,Eric Natividad
1444,Maurizio Moroni
1445,Jose Pedro Roel
1446,Steve Frick
1447,Valarie Franco
1448,Dean Cassidy
1449,Roland Keitel
1450,Diego Freyre
1451,Wendy Victorino
1452,Valarie Nelson
1453,Valarie Nelson
1454,Kwai Yu
1455,Marta Hernandez
1456,Palle Ibsen
1457,Michael Frick
1458,Marie Bertrand
1459,Jeff Young
1460,Diego Freyre
1461,Valarie Nelson
1462,Diego Freyre
1463,Diego Freyre
1464,Diego Freyre
1465,Janine Labrune
1466,Kwai Yu
1467,Peter Ferguson
1468,Daniel Da Cunha
1469,Julie Young
1470,Julie Brown
1471,Juri Hirano
1472,Martine Rance
1473,Veysel Oeztan
1474,Julie Murphy
1475,Dominique Perrier
1476,Peter Ferguson
1477,Michael Frick
1478,William Brown
1479,Julie King
1480,Janine Labrune
1481,Marta Hernandez
1482,Matti Karttunen
1483,Jonas Bergulfsen
1484,Kyung Yu
1485,Kwai Yu
1486,Akiko Shimamura
1487,Juri Hirano
1488,Tony Calaghan
1489,Maria Larsson
1490,Elizabeth Devon
1491,Diego Freyre
1492,Victoria Ashworth
1493,Carine Schmitt
1494,Paul Henriot
1495,Anna O'Hara
1496,Palle Ibsen
1497,Julie King
1498,Veysel Oeztan
1499,Valarie Young
1500,Jeff Young
1501,Diego Freyre
1502,Valarie Thompson
1503,Frederique Citeaux
1504,Maurizio Moroni
1505,Sue King
1506,Wendy Victorino
1507,Jan Klaeboe
1508,Diego Freyre
1509,Violeta Benitez
1510,Victoria Ashworth
1511,Paul Henriot
1512,Julie Young
1513,Diego Freyre
1514,Sue Frick
1515,Adrian Huxley
1516,Giovanni Rovelli
1517,Peter Ferguson
1518,Diego Freyre
1519,Julie Young
1520,Juri Hirano
1521,Mory Kentary
1522,Peter Ferguson
1523,Elizabeth Lincoln
1524,Sue Frick
1525,Diego Freyre
1526,Janine Labrune
1527,Jan Klaeboe
1528,Dean Cassidy
1529,Steve Frick
1530,Helen Bennett
1531,Giovanni Rovelli
1532,Akiko Shimamura
1533,Dan Lewis
1534,Tony Calaghan
1535,Diego Freyre
1536,Paul Henriot
1537,William Brown
1538,Maurizio Moroni
1539,Roland Keitel
1540,Victoria Ashworth
1541,Sue King
1542,Sue Taylor
1543,Julie Brown
1544,Giovanni Rovelli
1545,Valarie Nelson
1546,Sean Connery
1547,Diego Freyre
1548,Mart�n Sommer
1549,Mary Saveley
1550,Valarie Franco
1551,Paolo Accorti
1552,Wendy Victorino
1553,Daniel Tonini
1554,Valarie Nelson
1555,Valarie Young
1556,Victoria Ashworth
1557,Laurence Lebihan
1558,Daniel Da Cunha
1559,Julie Young
1560,Diego Freyre
1561,Anna O'Hara
1562,Wendy Victorino
1563,Adrian Huxley
1564,Kwai Yu
1565,Peter Ferguson
1566,Daniel Da Cunha
1567,Julie Young
1568,Jonas Bergulfsen
1569,Juri Hirano
1570,Martine Rance
1571,Veysel Oeztan
1572,Julie Murphy
1573,Mory Kentary
1574,Peter Ferguson
1575,Rosa Hernandez
1576,Sue Frick
1577,Julie King
1578,Janine Labrune
1579,Marta Hernandez
1580,Dean Cassidy
1581,Steve Frick
1582,Kyung Yu
1583,Kwai Yu
1584,Eduardo Saavedra
1585,Kalle Suominen
1586,Janine Labrune
1587,Maria Larsson
1588,Dominique Perrier
1589,Maurizio Moroni
1590,Jytte Petersen
1591,Eric Natividad
1592,Ann Brown
1593,Valarie Nelson
1594,Diego Freyre
1595,Maria Larsson
1596,Jesus Fernandez
1597,Wing C Tam
1598,Eduardo Saavedra
1599,Mary Saveley
1600,Catherine Dewey
1601,Helen Bennett
1602,Kwai Yu
1603,Jean Fresnisre
1604,Catherine Dewey
1605,Elizabeth Lincoln
1606,Paolo Accorti
1607,Victoria Ashworth
1608,Janine Labrune
1609,Christina Berglund
1610,Maria Hernandez
1611,Diego Freyre
1612,Akiko Shimamura
1613,Julie Brown
1614,Valarie Nelson
1615,Juri Yoshido
1616,Roland Keitel
1617,Victoria Ashworth
1618,Sue King
1619,Sue Taylor
1620,Julie Brown
1621,Giovanni Rovelli
1622,Valarie Nelson
1623,Sean Connery
1624,Diego Freyre
1625,Mart�n Sommer
1626,Mary Saveley
1627,Diego Freyre
1628,Frederique Citeaux
1629,Paolo Accorti
1630,Veysel Oeztan
1631,Daniel Tonini
1632,Valarie Nelson
1633,Valarie Young
1634,Victoria Ashworth
1635,Carine Schmitt
1636,Daniel Da Cunha
1637,Julie Young
1638,Diego Freyre
1639,Anna O'Hara
1640,Valarie Nelson
1641,Jonas Bergulfsen
1642,Marie Bertrand
1643,Mart�n Sommer
1644,Juri Hirano
1645,Pirkko Koskitalo
1646,Eric Natividad
1647,Ann Brown
1648,Jose Pedro Roel
1649,Mary Saveley
1650,Valarie Franco
1651,Wendy Victorino
1652,Valarie Nelson
1653,Diego Freyre
1654,Wendy Victorino
1655,Valarie Nelson
1656,Kyung Yu
1657,Maria Larsson
1658,Marta Hernandez
1659,Yoshi Tannamuri
1660,Michael Frick
1661,Christina Berglund
1662,Mart�n Sommer
1663,Diego Freyre
1664,Valarie Nelson
1665,Valarie Nelson
1666,Diego Freyre
1667,Janine Labrune
1668,Arnold Cruz
1669,Paul Henriot
1670,Valarie Nelson
1671,Julie Young
1672,Julie Brown
1673,Anna O'Hara
1674,Martine Rance
1675,Diego Freyre
1676,Dominique Perrier
1677,Martine Rance
1678,Michael Frick
1679,Dominique Perrier
1680,Juri Yoshido
1681,Miguel Barajas
1682,Marta Hernandez
1683,Matti Karttunen
1684,Jonas Bergulfsen
1685,Kee Kuo
1686,Arnold Cruz
1687,Georg Pipps
1688,Diego Freyre
1689,Kalle Suominen
1690,Janine Labrune
1691,Valarie Nelson
1692,Elizabeth Devon
1693,Victoria Ashworth
1694,Sue King
1695,Anna O'Hara
1696,Palle Ibsen
1697,Julie King
1698,Valarie Nelson
1699,Valarie Young
1700,Jeff Young
1701,Diego Freyre
1702,Mary Saveley
1703,Frederique Citeaux
1704,Jeff Young
1705,Diego Freyre
1706,Wendy Victorino
1707,Elizabeth Devon
1708,Diego Freyre
1709,Violeta Benitez
1710,Victoria Ashworth
1711,Sue King
1712,Valarie Nelson
1713,Diego Freyre
1714,Sue Frick
1715,Adrian Huxley
1716,Diego Freyre
1717,Marie Bertrand
1718,Jeff Young
1719,Kalle Suominen
1720,Pirkko Koskitalo
1721,Eric Natividad
1722,Ann Brown
1723,Jose Pedro Roel
1724,Steve Frick
1725,Valarie Franco
1726,Sue Taylor
1727,Valarie Nelson
1728,Diego Freyre
1729,Wendy Victorino
1730,Valarie Nelson
1731,Kyung Yu
1732,Kwai Yu
1733,Marta Hernandez
1734,Palle Ibsen
1735,Michael Frick
1736,Valarie Nelson
1737,Jeff Young
1738,Diego Freyre
1739,Valarie Nelson
1740,Diego Freyre
1741,Diego Freyre
1742,Diego Freyre
1743,Janine Labrune
1744,Giovanni Rovelli
1745,Georg Pipps
1746,Dan Lewis
1747,Wing C Tam
1748,Matti Karttunen
1749,Maria Larsson
1750,Annette Roulet
1751,Thomas Hardy
1752,Arnold Cruz
1753,Michael Chandler
1754,Valarie Thompson
1755,Kyung Tseng
1756,Diego Freyre
1757,Allen Nelson
1758,Jan Klaeboe
1759,Michael Donnermeyer
1760,Francisca Cervantes
1761,Helen Bennett
1762,Giovanni Rovelli
1763,Akiko Shimamura
1764,Ann Brown
1765,Pirkko Koskitalo
1766,Diego Freyre
1767,Paul Henriot
1768,Sue Frick
1769,Sean Connery
1770,Victoria Ashworth
1771,Sue King
1772,Anna O'Hara
1773,Palle Ibsen
1774,Giovanni Rovelli
1775,Valarie Nelson
1776,Valarie Young
1777,Jeff Young
1778,Thomas Hardy
1779,Mary Saveley
1780,Frederique Citeaux
1781,Jeff Young
1782,Diego Freyre
1783,Wendy Victorino
1784,Elizabeth Devon
1785,Diego Freyre
1786,Victoria Ashworth
1787,Sue King
1788,Valarie Nelson
1789,Diego Freyre
1790,Sue Frick
1791,Adrian Huxley
1792,Rosa Hernandez
1793,Laurence Lebihan
1794,Valarie Nelson
1795,Allen Nelson
1796,Michael Chandler
1797,Jean Fresnisre
1798,Veysel Oeztan
1799,Valarie Young
1800,Diego Freyre
1801,Diego Freyre
1802,Michael Holz
1803,Pirkko Koskitalo
1804,Elizabeth Devon
1805,Maurizio Moroni
1806,Sue King
1807,Michael Holz
1808,Jan Klaeboe
1809,Henriette Pfalzheim
1810,Violeta Benitez
1811,Rosa Hernandez
1812,Peter Ferguson
1813,Diego Freyre
1814,Julie Young
1815,Diego Freyre
1816,Valarie Nelson
1817,Frederique Citeaux
1818,Georg Pipps
1819,Jytte Petersen
1820,Georg Pipps
1821,Ann Brown
1822,Valarie Nelson
1823,Leslie Young
1824,Maria Larsson
1825,Jesus Fernandez
1826,Wing C Tam
1827,Eduardo Saavedra
1828,Mary Saveley
1829,Valarie Thompson
1830,William Brown
1831,Kwai Yu
1832,Jean Fresnisre
1833,Catherine Dewey
1834,Elizabeth Lincoln
1835,Juri Yoshido
1836,Victoria Ashworth
1837,Janine Labrune
1838,Christina Berglund
1839,Akiko Shimamura
1840,Diego Freyre
1841,Pirkko Koskitalo
1842,Julie Brown
1843,Valarie Nelson
1844,Juri Yoshido
1845,Victoria Ashworth
1846,Sue King
1847,Anna O'Hara
1848,Palle Ibsen
1849,Julie King
1850,Valarie Nelson
1851,Valarie Young
1852,Jeff Young
1853,Diego Freyre
1854,Mary Saveley
1855,Frederique Citeaux
1856,Jeff Young
1857,Diego Freyre
1858,Wendy Victorino
1859,Elizabeth Devon
1860,Diego Freyre
1861,Violeta Benitez
1862,Victoria Ashworth
1863,Sue King
1864,Valarie Nelson
1865,Diego Freyre
1866,Sue Frick
1867,Adrian Huxley
1868,Arnold Cruz
1869,Laurence Lebihan
1870,Valarie Nelson
1871,Allen Nelson
1872,Julie Brown
1873,Anna O'Hara
1874,Veysel Oeztan
1875,Henriette Pfalzheim
1876,Diego Freyre
1877,Dominique Perrier
1878,Michael Holz
1879,Jytte Petersen
1880,Elizabeth Devon
1881,Maurizio Moroni
1882,Miguel Barajas
1883,Michael Holz
1884,Roland Keitel
1885,Henriette Pfalzheim
1886,Christina Berglund
1887,Rosa Hernandez
1888,Peter Ferguson
1889,Diego Freyre
1890,Kalle Suominen
1891,Diego Freyre
1892,Valarie Nelson
1893,Georg Pipps
1894,Giovanni Rovelli
1895,Georg Pipps
1896,Dan Lewis
1897,Wing C Tam
1898,Matti Karttunen
1899,Maria Larsson
1900,Annette Roulet
1901,Thomas Hardy
1902,Arnold Cruz
1903,Michael Chandler
1904,Valarie Thompson
1905,Kyung Tseng
1906,Diego Freyre
1907,Allen Nelson
1908,Jan Klaeboe
1909,Michael Donnermeyer
1910,Francisca Cervantes
1911,Helen Bennett
1912,Giovanni Rovelli
1913,Akiko Shimamura
1914,Ann Brown
1915,Adrian Huxley
1916,Pirkko Koskitalo
1917,Diego Freyre
1918,Paul Henriot
1919,Sue Frick
1920,Sean Connery
1921,Victoria Ashworth
1922,Sue King
1923,Anna O'Hara
1924,Palle Ibsen
1925,Julie King
1926,Valarie Nelson
1927,Valarie Young
1928,Jeff Young
1929,Diego Freyre
1930,Valarie Thompson
1931,Frederique Citeaux
1932,Jeff Young
1933,Diego Freyre
1934,Wendy Victorino
1935,Jan Klaeboe
1936,Diego Freyre
1937,Violeta Benitez
1938,Victoria Ashworth
1939,Sue King
1940,Valarie Nelson
1941,Diego Freyre
1942,Sue Frick
1943,Adrian Huxley
1944,Jytte Petersen
1945,Georg Pipps
1946,Ann Brown
1947,Wing C Tam
1948,Matti Karttunen
1949,Maria Larsson
1950,Annette Roulet
1951,Thomas Hardy
1952,Eduardo Saavedra
1953,Michael Chandler
1954,Valarie Thompson
1955,Kwai Yu
1956,Diego Freyre
1957,Catherine Dewey
1958,Elizabeth Lincoln
1959,Michael Donnermeyer
1960,Francisca Cervantes
1961,Helen Bennett
1962,Christina Berglund
1963,Akiko Shimamura
1964,Diego Freyre
1965,Pirkko Koskitalo
1966,Valarie Nelson
1967,Valarie Nelson
1968,Sue Frick
1969,Juri Yoshido
1970,Arnold Cruz
1971,Laurence Lebihan
1972,Valarie Nelson
1973,Allen Nelson
1974,Michael Chandler
1975,Roland Mendel
1976,Veysel Oeztan
1977,Valarie Young
1978,Diego Freyre
1979,Diego Freyre
1980,Michael Holz
1981,Pirkko Koskitalo
1982,Elizabeth Devon
1983,Maurizio Moroni
1984,Sue King
1985,Michael Holz
1986,Jan Klaeboe
1987,Henriette Pfalzheim
1988,Violeta Benitez
1989,Rosa Hernandez
1990,Peter Ferguson
1991,Diego Freyre
1992,Kalle Suominen
1993,Diego Freyre
1994,Valarie Nelson
1995,Frederique Citeaux
1996,Georg Pipps
1997,Giovanni Rovelli
1998,Georg Pipps
1999,Dan Lewis
2000,Wing C Tam
2001,Matti Karttunen
2002,Juri Hirano
2003,Annette Roulet
2004,Arnold Cruz
2005,Mory Kentary
2006,Valarie Thompson
2007,Elizabeth Lincoln
2008,Sue Frick
2009,Diego Freyre
2010,Janine Labrune
2011,Jan Klaeboe
2012,Michael Donnermeyer
2013,Steve Frick
2014,Helen Bennett
2015,Giovanni Rovelli
2016,Akiko Shimamura
2017,Ann Brown
2018,Adrian Huxley
2019,Pirkko Koskitalo
2020,Diego Freyre
2021,Paul Henriot
2022,William Brown
2023,Maurizio Moroni
2024,Valarie Young
2025,Victoria Ashworth
2026,Sue King
2027,Sue Taylor
2028,Julie Brown
2029,Giovanni Rovelli
2030,Valarie Nelson
2031,Sean Connery
2032,Jeff Young
2033,Mart�n Sommer
2034,Mary Saveley
2035,Kee Kuo
2036,Paolo Accorti
2037,Wendy Victorino
2038,Jose Pedro Roel
2039,Valarie Nelson
2040,Victoria Ashworth
2041,Sue King
2042,Valarie Nelson
2043,Diego Freyre
2044,Akiko Shimamura
2045,Adrian Huxley
2046,Diego Freyre
2047,Maria Hernandez
2048,Jeff Young
2049,Kalle Suominen
2050,Tony Calaghan
2051,Eric Natividad
2052,Maurizio Moroni
2053,Jose Pedro Roel
2054,Steve Frick
2055,Valarie Franco
2056,Dean Cassidy
2057,Roland Keitel
2058,Diego Freyre
2059,Valarie Nelson
2060,Valarie Nelson
2061,Kwai Yu
2062,Marta Hernandez
2063,Palle Ibsen
2064,Jonas Bergulfsen
2065,Marie Bertrand
2066,Jeff Young
2067,Paul Henriot
2068,Valarie Nelson
2069,Diego Freyre
2070,Diego Freyre
2071,Diego Freyre
2072,Jonas Bergulfsen
2073,Julie Murphy
2074,Mart�n Sommer
2075,Adrian Huxley
2076,Sue Taylor
2077,Maria Hernandez
2078,Giovanni Rovelli
2079,Francisca Cervantes
2080,Sean Connery
2081,Yoshi Tannamuri
2082,Steve Thompson
2083,Kyung Tseng
2084,Diego Freyre
2085,Sue Frick
2086,Georg Pipps
2087,Paolo Accorti
2088,Leslie Taylor
2089,Daniel Tonini
2090,Valarie Nelson
2091,Michael Frick
2092,Julie Murphy
2093,Mart�n Sommer
2094,Diego Freyre
2095,Allen Nelson
2096,Valarie Nelson
2097,Catherine Dewey
2098,Giovanni Rovelli
2099,Peter Ferguson
2100,Diego Freyre
2101,Julie Young
2102,Juri Hirano
2103,Mory Kentary
2104,Peter Ferguson
2105,Elizabeth Lincoln
2106,Sue Frick
2107,Julie King
2108,Janine Labrune
2109,Jan Klaeboe
2110,Dean Cassidy
2111,Steve Frick
2112,Juri Hirano
2113,Giovanni Rovelli
2114,Eduardo Saavedra
2115,Dan Lewis
2116,Adrian Huxley
2117,Janine Labrune
2118,Diego Freyre
2119,Paul Henriot
2120,William Brown
2121,Maurizio Moroni
2122,Arnold Cruz
2123,Laurence Lebihan
2124,Valarie Nelson
2125,Allen Nelson
2126,Julie Brown
2127,Anna O'Hara
2128,Martine Rance
2129,Henriette Pfalzheim
2130,Dominique Perrier
2131,Michael Holz
2132,Jytte Petersen
2133,Dominique Perrier
2134,Juri Yoshido
2135,Miguel Barajas
2136,Michael Holz
2137,Matti Karttunen
2138,Henriette Pfalzheim
2139,Kee Kuo
2140,Rosa Hernandez
2141,Paul Henriot
2142,Diego Freyre
2143,Kalle Suominen
2144,Diego Freyre
2145,Valarie Nelson
2146,Jonas Bergulfsen
2147,Marie Bertrand
2148,Mart�n Sommer
2149,Juri Hirano
2150,Pirkko Koskitalo
2151,Roland Mendel
2152,Ann Brown
2153,Jose Pedro Roel
2154,Mary Saveley
2155,Valarie Franco
2156,Wendy Victorino
2157,Valarie Nelson
2158,Leslie Murphy
2159,Wendy Victorino
2160,Adrian Huxley
2161,Kyung Yu
2162,Maria Larsson
2163,Marta Hernandez
2164,Yoshi Tannamuri
2165,Michael Frick
2166,Valarie Nelson
2167,Mart�n Sommer
2168,Diego Freyre
2169,Valarie Nelson
2170,Valarie Nelson
2171,Jean Fresnisre
2172,Janine Labrune
2173,Kwai Yu
2174,Peter Ferguson
2175,Diego Freyre
2176,Julie Young
2177,Juri Hirano
2178,Veysel Oeztan
2179,Mory Kentary
2180,Peter Ferguson
2181,Elizabeth Lincoln
2182,Sue Frick
2183,Julie King
2184,Janine Labrune
2185,Marta Hernandez
2186,Dean Cassidy
2187,Steve Frick
2188,Kyung Yu
2189,Kwai Yu
2190,Eduardo Saavedra
2191,Dan Lewis
2192,Kalle Suominen
2193,Janine Labrune
2194,Eric Natividad
2195,William Brown
2196,Maurizio Moroni
2197,Arnold Cruz
2198,Laurence Lebihan
2199,Valarie Nelson
2200,Julie Young
2201,Julie Brown
2202,Anna O'Hara
2203,Martine Rance
2204,Diego Freyre
2205,Dominique Perrier
2206,Martine Rance
2207,Michael Frick
2208,Dominique Perrier
2209,Juri Yoshido
2210,Miguel Barajas
2211,Marta Hernandez
2212,Matti Karttunen
2213,Henriette Pfalzheim
2214,Kee Kuo
2215,Rosa Hernandez
2216,Paul Henriot
2217,Diego Freyre
2218,Laurence Lebihan
2219,Diego Freyre
2220,Valarie Nelson
2221,Elizabeth Devon
2222,Diego Freyre
2223,Marie Bertrand
2224,Jeff Young
2225,Kalle Suominen
2226,Pirkko Koskitalo
2227,Eric Natividad
2228,Ann Brown
2229,Jose Pedro Roel
2230,Steve Frick
2231,Valarie Franco
2232,Sue Taylor
2233,Valarie Nelson
2234,Diego Freyre
2235,Wendy Victorino
2236,Valarie Nelson
2237,Kyung Yu
2238,Kwai Yu
2239,Marta Hernandez
2240,Yoshi Tannamuri
2241,Jonas Bergulfsen
2242,Valarie Nelson
2243,Jeff Young
2244,Paul Henriot
2245,Valarie Nelson
2246,Diego Freyre
2247,Diego Freyre
2248,Diego Freyre
2249,Janine Labrune
2250,Diego Freyre
2251,Pascale Cartrain
2252,Jeff Young
2253,Valarie Nelson
2254,Tony Calaghan
2255,Eric Natividad
2256,Maurizio Moroni
2257,Jose Pedro Roel
2258,Steve Frick
2259,Valarie Franco
2260,Dean Cassidy
2261,Roland Keitel
2262,Kalle Suominen
2263,Kyung Yu
2264,Valarie Nelson
2265,Kwai Yu
2266,Victoria Ashworth
2267,Palle Ibsen
2268,Jonas Bergulfsen
2269,Marie Bertrand
2270,Diego Freyre
2271,Paul Henriot
2272,Valarie Nelson
2273,Diego Freyre
2274,Diego Freyre
2275,Julie King
2276,Jonas Bergulfsen
2277,Valarie Nelson
2278,Mart�n Sommer
2279,Juri Hirano
2280,Eric Natividad
2281,Roland Mendel
2282,Ann Brown
2283,Francisca Cervantes
2284,Mary Saveley
2285,Yoshi Tannamuri
2286,Wendy Victorino
2287,Valarie Nelson
2288,Leslie Murphy
2289,Akiko Shimamura
2290,Adrian Huxley
2291,Kyung Yu
2292,Maria Larsson
2293,Daniel Tonini
2294,Yoshi Tannamuri
2295,Michael Frick
2296,Julie Murphy
2297,Mart�n Sommer
2298,Diego Freyre
2299,Anna O'Hara
2300,Valarie Nelson
2301,Jean Fresnisre
2302,Diego Freyre
2303,Giovanni Rovelli
2304,Peter Ferguson
2305,Diego Freyre
2306,Pascale Cartrain
2307,Juri Hirano
2308,Mory Kentary
2309,Peter Ferguson
2310,Elizabeth Lincoln
2311,Sue Frick
2312,Diego Freyre
2313,Janine Labrune
2314,Jan Klaeboe
2315,Dean Cassidy
2316,Steve Frick
2317,Helen Bennett
2318,Giovanni Rovelli
2319,Eduardo Saavedra
2320,Dan Lewis
2321,Adrian Huxley
2322,Janine Labrune
2323,Violeta Benitez
2324,Paul Henriot
2325,William Brown
2326,Maurizio Moroni
2327,Arnold Cruz
2328,Paul Henriot
2329,Valarie Nelson
2330,Julie Young
2331,Julie Brown
2332,Anna O'Hara
2333,Martine Rance
2334,Diego Freyre
2335,Dominique Perrier
2336,Martine Rance
2337,Michael Frick
2338,Dominique Perrier
2339,Juri Yoshido
2340,Miguel Barajas
2341,Marta Hernandez
2342,Matti Karttunen
2343,Jonas Bergulfsen
2344,Kee Kuo
2345,Rosa Hernandez
2346,Georg Pipps
2347,Diego Freyre
2348,Wing C Tam
2349,Janine Labrune
2350,Valarie Nelson
2351,Elizabeth Devon
2352,Giovanni Rovelli
2353,Peter Ferguson
2354,Diego Freyre
2355,Wing C Tam
2356,Diego Freyre
2357,Juri Hirano
2358,Steve Thompson
2359,Mory Kentary
2360,Peter Ferguson
2361,Elizabeth Lincoln
2362,Sue Frick
2363,Diego Freyre
2364,Janine Labrune
2365,Jan Klaeboe
2366,Michael Donnermeyer
2367,Steve Frick
2368,Helen Bennett
2369,Giovanni Rovelli
2370,Eduardo Saavedra
2371,Dan Lewis
2372,Adrian Huxley
2373,Janine Labrune
2374,Violeta Benitez
2375,Paul Henriot
2376,William Brown
2377,Maurizio Moroni
2378,Diego Freyre
2379,Maria Hernandez
2380,Jeff Young
2381,Kalle Suominen
2382,Pirkko Koskitalo
2383,Eric Natividad
2384,Maurizio Moroni
2385,Jose Pedro Roel
2386,Steve Frick
2387,Valarie Franco
2388,Dean Cassidy
2389,Roland Keitel
2390,Diego Freyre
2391,Wendy Victorino
2392,Valarie Nelson
2393,Valarie Nelson
2394,Kwai Yu
2395,Marta Hernandez
2396,Palle Ibsen
2397,Jonas Bergulfsen
2398,Marie Bertrand
2399,Diego Freyre
2400,Paul Henriot
2401,Valarie Nelson
2402,Diego Freyre
2403,Daniel Da Cunha
2404,Diego Freyre
2405,Janine Labrune
2406,Diego Freyre
2407,Eric Natividad
2408,Jeff Young
2409,Valarie Nelson
2410,Diego Freyre
2411,Eric Natividad
2412,Maurizio Moroni
2413,Wing C Tam
2414,Leslie Murphy
2415,Mary Saveley
2416,Dean Cassidy
2417,Roland Keitel
2418,Kalle Suominen
2419,Kyung Yu
2420,Valarie Nelson
2421,Kwai Yu
2422,Victoria Ashworth
2423,Palle Ibsen
2424,Jonas Bergulfsen
2425,Maria Hernandez
2426,Diego Freyre
2427,Paul Henriot
2428,Akiko Shimamura
2429,Diego Freyre
2430,Daniel Da Cunha
2431,Julie King
2432,Arnold Cruz
2433,Paul Henriot
2434,Valarie Nelson
2435,Julie Young
2436,Julie Brown
2437,Anna O'Hara
2438,Martine Rance
2439,Diego Freyre
2440,Dominique Perrier
2441,Martine Rance
2442,Michael Frick
2443,Dominique Perrier
2444,Juri Yoshido
2445,Miguel Barajas
2446,Marta Hernandez
2447,Matti Karttunen
2448,Jonas Bergulfsen
2449,Kee Kuo
2450,Rosa Hernandez
2451,Georg Pipps
2452,Daniel Da Cunha
2453,Wing C Tam
2454,Janine Labrune
2455,Valarie Nelson
2456,Elizabeth Devon
2457,Jytte Petersen
2458,Georg Pipps
2459,Ann Brown
2460,Valarie Nelson
2461,Diego Freyre
2462,Maria Larsson
2463,Jesus Fernandez
2464,Wing C Tam
2465,Eduardo Saavedra
2466,Mary Saveley
2467,Valarie Thompson
2468,William Brown
2469,Kwai Yu
2470,Jean Fresnisre
2471,Catherine Dewey
2472,Elizabeth Lincoln
2473,Juri Yoshido
2474,Victoria Ashworth
2475,Janine Labrune
2476,Christina Berglund
2477,Akiko Shimamura
2478,Diego Freyre
2479,Pirkko Koskitalo
2480,Valarie Nelson
2481,Valarie Nelson
2482,Juri Yoshido
2483,Giovanni Rovelli
2484,Peter Ferguson
2485,Diego Freyre
2486,Wing C Tam
2487,Diego Freyre
2488,Juri Hirano
2489,Steve Thompson
2490,Mory Kentary
2491,Peter Ferguson
2492,Elizabeth Lincoln
2493,Sue Frick
2494,Diego Freyre
2495,Janine Labrune
2496,Jan Klaeboe
2497,Michael Donnermeyer
2498,Steve Frick
2499,Helen Bennett
2500,Giovanni Rovelli
2501,Eduardo Saavedra
2502,Dan Lewis
2503,Adrian Huxley
2504,Janine Labrune
2505,Violeta Benitez
2506,Paul Henriot
2507,William Brown
2508,Maurizio Moroni
2509,Jytte Petersen
2510,Eric Natividad
2511,Diego Freyre
2512,Valarie Nelson
2513,Diego Freyre
2514,Violeta Benitez
2515,Jesus Fernandez
2516,Wing C Tam
2517,Leslie Murphy
2518,Mary Saveley
2519,Catherine Dewey
2520,Helen Bennett
2521,Kwai Yu
2522,Catherine Dewey
2523,Valarie Nelson
2524,Paolo Accorti
2525,Victoria Ashworth
2526,Palle Ibsen
2527,Jytte Petersen
2528,Maria Hernandez
2529,Diego Freyre
2530,Akiko Shimamura
2531,Julie Brown
2532,Annette Roulet
2533,Juri Yoshido
2534,Giovanni Rovelli
2535,Georg Pipps
2536,Dan Lewis
2537,Wing C Tam
2538,Matti Karttunen
2539,Maria Larsson
2540,Annette Roulet
2541,Thomas Hardy
2542,Eduardo Saavedra
2543,Michael Chandler
2544,Valarie Thompson
2545,Kyung Tseng
2546,Diego Freyre
2547,Allen Nelson
2548,Elizabeth Lincoln
2549,Michael Donnermeyer
2550,Francisca Cervantes
2551,Helen Bennett
2552,Giovanni Rovelli
2553,Akiko Shimamura
2554,Leslie Taylor
2555,Adrian Huxley
2556,Pirkko Koskitalo
2557,Diego Freyre
2558,Paul Henriot
2559,Sue Frick
2560,Sean Connery
2561,Giovanni Rovelli
2562,Peter Ferguson
2563,Dan Lewis
2564,Wing C Tam
2565,Matti Karttunen
2566,Juri Hirano
2567,Annette Roulet
2568,Arnold Cruz
2569,Mory Kentary
2570,Valarie Thompson
2571,Elizabeth Lincoln
2572,Sue Frick
2573,Diego Freyre
2574,Janine Labrune
2575,Jan Klaeboe
2576,Michael Donnermeyer
2577,Steve Frick
2578,Helen Bennett
2579,Giovanni Rovelli
2580,Eduardo Saavedra
2581,Leslie Taylor
2582,Adrian Huxley
2583,Janine Labrune
2584,Diego Freyre
2585,Paul Henriot
2586,William Brown
2587,Maurizio Moroni
2588,Jytte Petersen
2589,Georg Pipps
2590,Ann Brown
2591,Wing C Tam
2592,Leslie Young
2593,Maria Larsson
2594,Jesus Fernandez
2595,Wing C Tam
2596,Eduardo Saavedra
2597,Mary Saveley
2598,Valarie Thompson
2599,William Brown
2600,Kwai Yu
2601,Jean Fresnisre
2602,Catherine Dewey
2603,Elizabeth Lincoln
2604,Juri Yoshido
2605,Victoria Ashworth
2606,Helen Bennett
2607,Jytte Petersen
2608,Akiko Shimamura
2609,Diego Freyre
2610,Pirkko Koskitalo
2611,Diego Freyre
2612,Annette Roulet
2613,Juri Yoshido
2614,Jonas Bergulfsen
2615,Marie Bertrand
2616,Mart�n Sommer
2617,Juri Hirano
2618,Eric Natividad
2619,Roland Mendel
2620,Ann Brown
2621,Francisca Cervantes
2622,Mary Saveley
2623,Yoshi Tannamuri
2624,Wendy Victorino
2625,Valarie Nelson
2626,Leslie Murphy
2627,Akiko Shimamura
2628,Adrian Huxley
2629,Kyung Yu
2630,Maria Larsson
2631,Daniel Tonini
2632,Yoshi Tannamuri
2633,Michael Frick
2634,Marie Bertrand
2635,Mart�n Sommer
2636,Diego Freyre
2637,Valarie Nelson
2638,Valarie Nelson
2639,Jean Fresnisre
2640,Diego Freyre
2641,Giovanni Rovelli
2642,Peter Ferguson
2643,Diego Freyre
2644,Julie Young
2645,Juri Hirano
2646,Veysel Oeztan
2647,Mory Kentary
2648,Peter Ferguson
2649,Elizabeth Lincoln
2650,Sue Frick
2651,Julie King
2652,Janine Labrune
2653,Marta Hernandez
2654,Dean Cassidy
2655,Steve Frick
2656,Kyung Yu
2657,Giovanni Rovelli
2658,Eduardo Saavedra
2659,Dan Lewis
2660,Adrian Huxley
2661,Janine Labrune
2662,Violeta Benitez
2663,Paul Henriot
2664,William Brown
2665,Maurizio Moroni
2666,Giovanni Rovelli
2667,Peter Ferguson
2668,Wing C Tam
2669,Matti Karttunen
2670,Juri Hirano
2671,Steve Thompson
2672,Mory Kentary
2673,Peter Ferguson
2674,Elizabeth Lincoln
2675,Sue Frick
2676,Diego Freyre
2677,Janine Labrune
2678,Jan Klaeboe
2679,Michael Donnermeyer
2680,Steve Frick
2681,Helen Bennett
2682,Giovanni Rovelli
2683,Georg Pipps
2684,Dan Lewis
2685,Adrian Huxley
2686,Janine Labrune
2687,Diego Freyre
2688,Paul Henriot
2689,William Brown
2690,Maurizio Moroni
2691,Jytte Petersen
2692,Eduardo Saavedra
2693,Ann Brown
2694,Valarie Nelson
2695,Diego Freyre
2696,Maria Larsson
2697,Jesus Fernandez
2698,Wing C Tam
2699,Eduardo Saavedra
2700,Mary Saveley
2701,Valarie Thompson
2702,Helen Bennett
2703,Kwai Yu
2704,Jean Fresnisre
2705,Catherine Dewey
2706,Elizabeth Lincoln
2707,Juri Yoshido
2708,Victoria Ashworth
2709,Janine Labrune
2710,Jytte Petersen
2711,Maria Hernandez
2712,Diego Freyre
2713,Pirkko Koskitalo
2714,Diego Freyre
2715,Annette Roulet
2716,Juri Yoshido
2717,Jytte Petersen
2718,Eric Natividad
2719,Ann Brown
2720,Valarie Nelson
2721,Diego Freyre
2722,Maria Larsson
2723,Jesus Fernandez
2724,Wing C Tam
2725,Eduardo Saavedra
2726,Mary Saveley
2727,Valarie Thompson
2728,Helen Bennett
2729,Kwai Yu
2730,Jean Fresnisre
2731,Catherine Dewey
2732,Elizabeth Lincoln
2733,Miguel Barajas
2734,Victoria Ashworth
2735,Janine Labrune
2736,Jytte Petersen
2737,Maria Hernandez
2738,Diego Freyre
2739,Pirkko Koskitalo
2740,Diego Freyre
2741,Annette Roulet
2742,Juri Yoshido
2743,Giovanni Rovelli
2744,Georg Pipps
2745,Dan Lewis
2746,Wing C Tam
2747,Matti Karttunen
2748,Juri Hirano
2749,Annette Roulet
2750,Arnold Cruz
2751,Mory Kentary
2752,Valarie Thompson
2753,Elizabeth Lincoln
2754,Sue Frick
2755,Diego Freyre
2756,Janine Labrune
2757,Jan Klaeboe
2758,Michael Donnermeyer
2759,Steve Frick
2760,Helen Bennett
2761,Giovanni Rovelli
2762,Akiko Shimamura
2763,Leslie Taylor
2764,Adrian Huxley
2765,Pirkko Koskitalo
2766,Diego Freyre
2767,Paul Henriot
2768,William Brown
2769,Maurizio Moroni
2770,Giovanni Rovelli
2771,Georg Pipps
2772,Dan Lewis
2773,Wing C Tam
2774,Matti Karttunen
2775,Maria Larsson
2776,Annette Roulet
2777,Thomas Hardy
2778,Eduardo Saavedra
2779,Michael Chandler
2780,Valarie Thompson
2781,Kyung Tseng
2782,Diego Freyre
2783,Allen Nelson
2784,Elizabeth Lincoln
2785,Michael Donnermeyer
2786,Francisca Cervantes
2787,Helen Bennett
2788,Kwai Yu
2789,Akiko Shimamura
2790,Leslie Taylor
2791,Adrian Huxley
2792,Pirkko Koskitalo
2793,Diego Freyre
2794,Paul Henriot
2795,Sue Frick
2796,Sean Connery
2797,Jytte Petersen
2798,Eric Natividad
2799,Ann Brown
2800,Valarie Nelson
2801,Diego Freyre
2802,Maria Larsson
2803,Jesus Fernandez
2804,Wing C Tam
2805,Eduardo Saavedra
2806,Mary Saveley
2807,Valarie Thompson
2808,Helen Bennett
2809,Kwai Yu
2810,Jean Fresnisre
2811,Catherine Dewey
2812,Elizabeth Lincoln
2813,Paolo Accorti
2814,Victoria Ashworth
2815,Janine Labrune
2816,Jytte Petersen
2817,Maria Hernandez
2818,Diego Freyre
2819,Pirkko Koskitalo
2820,Diego Freyre
2821,Annette Roulet
2822,Juri Yoshido
